Run,Assay Type,AvgSpotLen,Bases,BioProject,BioSample,BioSampleModel,Bytes,Center Name,Collection_Date,Consent,DATASTORE filetype,DATASTORE provider,DATASTORE region,Experiment,geo_loc_name_country,geo_loc_name_country_continent,geo_loc_name,Host,Instrument,isolate,isolation_source,lat_lon,Library Name,LibraryLayout,LibrarySelection,LibrarySource,Organism,Platform,ReleaseDate,replicate,create_date,version,Sample Name,SRA Study
SRR12773079,AMPLICON,485,62366364,PRJNA667299,SAMN16365156,Metagenome or environmental,30751675,CHINESE ACADEMY OF SCIENCES,2018-08-23,public,"run.zq,fastq,sra","ncbi,s3,gs","gs.US,s3.us-east-1,ncbi.public",SRX9243734,China,Asia,China: Huishui,pepper,Illumina HiSeq 2500,HSSBepidermis_D1,Stem bottom epidermis,not applicable,100,PAIRED,PCR,OTHER,plant metagenome,ILLUMINA,2020-11-05T00:00:00Z,biological replicate 1,2020-10-05T11:07:00Z,1,F_Sample_100,SRP286377
SRR12773080,AMPLICON,485,56738999,PRJNA667299,SAMN16365155,Metagenome or environmental,27985584,CHINESE ACADEMY OF SCIENCES,2018-08-23,public,"fastq,run.zq,sra","s3,gs,ncbi","s3.us-east-1,ncbi.public,gs.US",SRX9243733,China,Asia,China: Huishui,pepper,Illumina HiSeq 2500,HSSUepidermis_H3,Stem upper epidermis,not applicable,99,PAIRED,PCR,OTHER,plant metagenome,ILLUMINA,2020-11-05T00:00:00Z,biological replicate 3,2020-10-05T11:07:00Z,1,F_Sample_99,SRP286377
SRR12773081,AMPLICON,485,54057711,PRJNA667299,SAMN16365154,Metagenome or environmental,26681113,CHINESE ACADEMY OF SCIENCES,2018-08-23,public,"sra,run.zq,fastq","gs,s3,ncbi","s3.us-east-1,gs.US,ncbi.public",SRX9243732,China,Asia,China: Huishui,pepper,Illumina HiSeq 2500,HSSUepidermis_H2,Stem upper epidermis,not applicable,98,PAIRED,PCR,OTHER,plant metagenome,ILLUMINA,2020-11-05T00:00:00Z,biological replicate 2,2020-10-05T11:07:00Z,1,F_Sample_98,SRP286377
SRR12773082,AMPLICON,485,64944225,PRJNA667299,SAMN16365153,Metagenome or environmental,32187560,CHINESE ACADEMY OF SCIENCES,2018-08-23,public,"sra,run.zq,fastq","ncbi,gs,s3","gs.US,ncbi.public,s3.us-east-1",SRX9243731,China,Asia,China: Huishui,pepper,Illumina HiSeq 2500,HSSUepidermis_H1,Stem upper epidermis,not applicable,97,PAIRED,PCR,OTHER,plant metagenome,ILLUMINA,2020-11-05T00:00:00Z,biological replicate 1,2020-10-05T11:07:00Z,1,F_Sample_97,SRP286377
SRR12773083,AMPLICON,485,74491758,PRJNA667299,SAMN16365152,Metagenome or environmental,36429271,CHINESE ACADEMY OF SCIENCES,2018-08-23,public,"sra,fastq,run.zq","gs,s3,ncbi","gs.US,s3.us-east-1,ncbi.public",SRX9243730,China,Asia,China: Huishui,pepper,Illumina HiSeq 2500,HSSMepidermis_H3,Stem middle epidermis,not applicable,96,PAIRED,PCR,OTHER,plant metagenome,ILLUMINA,2020-11-05T00:00:00Z,biological replicate 3,2020-10-05T11:07:00Z,1,F_Sample_96,SRP286377
SRR12773084,AMPLICON,485,58642647,PRJNA667299,SAMN16365151,Metagenome or environmental,28644876,CHINESE ACADEMY OF SCIENCES,2018-08-23,public,"run.zq,sra,fastq","ncbi,s3,gs","ncbi.public,s3.us-east-1,gs.US",SRX9243729,China,Asia,China: Huishui,pepper,Illumina HiSeq 2500,HSSMepidermis_H2,Stem middle epidermis,not applicable,95,PAIRED,PCR,OTHER,plant metagenome,ILLUMINA,2020-11-05T00:00:00Z,biological replicate 2,2020-10-05T11:07:00Z,1,F_Sample_95,SRP286377
SRR12773085,AMPLICON,485,70059219,PRJNA667299,SAMN16365150,Metagenome or environmental,34852263,CHINESE ACADEMY OF SCIENCES,2018-08-23,public,"sra,run.zq,fastq","gs,s3,ncbi","gs.US,s3.us-east-1,ncbi.public",SRX9243728,China,Asia,China: Huishui,pepper,Illumina HiSeq 2500,HSSMepidermis_H1,Stem middle epidermis,not applicable,94,PAIRED,PCR,OTHER,plant metagenome,ILLUMINA,2020-11-05T00:00:00Z,biological replicate 1,2020-10-05T11:07:00Z,1,F_Sample_94,SRP286377
SRR12773086,AMPLICON,485,107908339,PRJNA667299,SAMN16365149,Metagenome or environmental,53799626,CHINESE ACADEMY OF SCIENCES,2018-08-23,public,"run.zq,sra,fastq","gs,ncbi,s3","gs.US,ncbi.public,s3.us-east-1",SRX9243727,China,Asia,China: Huishui,pepper,Illumina HiSeq 2500,HSSBepidermis_H3,Stem bottom epidermis,not applicable,93,PAIRED,PCR,OTHER,plant metagenome,ILLUMINA,2020-11-05T00:00:00Z,biological replicate 3,2020-10-05T11:07:00Z,1,F_Sample_93,SRP286377
SRR12773087,AMPLICON,485,62760437,PRJNA667299,SAMN16365148,Metagenome or environmental,30912746,CHINESE ACADEMY OF SCIENCES,2018-08-23,public,"fastq,sra,run.zq","gs,s3,ncbi","gs.US,ncbi.public,s3.us-east-1",SRX9243726,China,Asia,China: Huishui,pepper,Illumina HiSeq 2500,HSSBepidermis_H2,Stem bottom epidermis,not applicable,92,PAIRED,PCR,OTHER,plant metagenome,ILLUMINA,2020-11-05T00:00:00Z,biological replicate 2,2020-10-05T11:07:00Z,1,F_Sample_92,SRP286377
SRR12773088,AMPLICON,485,65541646,PRJNA667299,SAMN16365147,Metagenome or environmental,32835319,CHINESE ACADEMY OF SCIENCES,2018-08-23,public,"fastq,run.zq,sra","ncbi,gs,s3","s3.us-east-1,gs.US,ncbi.public",SRX9243725,China,Asia,China: Huishui,pepper,Illumina HiSeq 2500,HSSBepidermis_H1,Stem bottom epidermis,not applicable,91,PAIRED,PCR,OTHER,plant metagenome,ILLUMINA,2020-11-05T00:00:00Z,biological replicate 1,2020-10-05T11:07:00Z,1,F_Sample_91,SRP286377
SRR12773089,AMPLICON,486,50807898,PRJNA667299,SAMN16365066,Metagenome or environmental,24829870,CHINESE ACADEMY OF SCIENCES,2018-08-23,public,"sra,fastq,run.zq","ncbi,s3,gs","s3.us-east-1,gs.US,ncbi.public",SRX9243724,China,Asia,China: Huishui,pepper,Illumina HiSeq 2500,HSBS_D1,bulk soil,not applicable,10,PAIRED,PCR,OTHER,plant metagenome,ILLUMINA,2020-11-05T00:00:00Z,biological replicate 1,2020-10-05T11:07:00Z,1,F_Sample_10,SRP286377
SRR12773090,AMPLICON,485,63177579,PRJNA667299,SAMN16365146,Metagenome or environmental,30276104,CHINESE ACADEMY OF SCIENCES,2018-08-23,public,"fastq,sra,run.zq","s3,ncbi,gs","ncbi.public,gs.US,s3.us-east-1",SRX9243723,China,Asia,China: Guiyang,pepper,Illumina HiSeq 2500,GYSUepidermis_D3,Stem upper epidermis,not applicable,90,PAIRED,PCR,OTHER,plant metagenome,ILLUMINA,2020-11-05T00:00:00Z,biological replicate 3,2020-10-05T11:07:00Z,1,F_Sample_90,SRP286377
SRR12773091,AMPLICON,485,35465331,PRJNA667299,SAMN16365145,Metagenome or environmental,16806736,CHINESE ACADEMY OF SCIENCES,2018-08-23,public,"sra,run.zq,fastq","s3,gs,ncbi","s3.us-east-1,ncbi.public,gs.US",SRX9243722,China,Asia,China: Guiyang,pepper,Illumina HiSeq 2500,GYSUepidermis_D2,Stem upper epidermis,not applicable,89,PAIRED,PCR,OTHER,plant metagenome,ILLUMINA,2020-11-05T00:00:00Z,biological replicate 2,2020-10-05T11:07:00Z,1,F_Sample_89,SRP286377
SRR12773092,AMPLICON,485,37502821,PRJNA667299,SAMN16365144,Metagenome or environmental,17796513,CHINESE ACADEMY OF SCIENCES,2018-08-23,public,"fastq,sra,run.zq","ncbi,gs,s3","gs.US,ncbi.public,s3.us-east-1",SRX9243721,China,Asia,China: Guiyang,pepper,Illumina HiSeq 2500,GYSUepidermis_D1,Stem upper epidermis,not applicable,88,PAIRED,PCR,OTHER,plant metagenome,ILLUMINA,2020-11-05T00:00:00Z,biological replicate 1,2020-10-05T11:07:00Z,1,F_Sample_88,SRP286377
SRR12773093,AMPLICON,485,36599545,PRJNA667299,SAMN16365143,Metagenome or environmental,17638546,CHINESE ACADEMY OF SCIENCES,2018-08-23,public,"sra,run.zq,fastq","ncbi,gs,s3","gs.US,s3.us-east-1,ncbi.public",SRX9243720,China,Asia,China: Guiyang,pepper,Illumina HiSeq 2500,GYSMepidermis_D3,Stem middle epidermis,not applicable,87,PAIRED,PCR,OTHER,plant metagenome,ILLUMINA,2020-11-05T00:00:00Z,biological replicate 3,2020-10-05T11:07:00Z,1,F_Sample_87,SRP286377
SRR12773094,AMPLICON,485,27100248,PRJNA667299,SAMN16365142,Metagenome or environmental,12778680,CHINESE ACADEMY OF SCIENCES,2018-08-23,public,"sra,fastq,run.zq","ncbi,s3,gs","gs.US,ncbi.public,s3.us-east-1",SRX9243719,China,Asia,China: Guiyang,pepper,Illumina HiSeq 2500,GYSMepidermis_D2,Stem middle epidermis,not applicable,86,PAIRED,PCR,OTHER,plant metagenome,ILLUMINA,2020-11-05T00:00:00Z,biological replicate 2,2020-10-05T11:07:00Z,1,F_Sample_86,SRP286377
SRR12773095,AMPLICON,485,32381630,PRJNA667299,SAMN16365141,Metagenome or environmental,15318408,CHINESE ACADEMY OF SCIENCES,2018-08-23,public,"sra,fastq,run.zq","ncbi,s3,gs","ncbi.public,gs.US,s3.us-east-1",SRX9243718,China,Asia,China: Guiyang,pepper,Illumina HiSeq 2500,GYSMepidermis_D1,Stem middle epidermis,not applicable,85,PAIRED,PCR,OTHER,plant metagenome,ILLUMINA,2020-11-05T00:00:00Z,biological replicate 1,2020-10-05T11:07:00Z,1,F_Sample_85,SRP286377
SRR12773096,AMPLICON,485,52040109,PRJNA667299,SAMN16365140,Metagenome or environmental,25034095,CHINESE ACADEMY OF SCIENCES,2018-08-23,public,"sra,fastq,run.zq","gs,ncbi,s3","ncbi.public,s3.us-east-1,gs.US",SRX9243717,China,Asia,China: Guiyang,pepper,Illumina HiSeq 2500,GYSBepidermis_D3,Stem bottom epidermis,not applicable,84,PAIRED,PCR,OTHER,plant metagenome,ILLUMINA,2020-11-05T00:00:00Z,biological replicate 3,2020-10-05T11:07:00Z,1,F_Sample_84,SRP286377
SRR12773097,AMPLICON,485,70263818,PRJNA667299,SAMN16365139,Metagenome or environmental,34482380,CHINESE ACADEMY OF SCIENCES,2018-08-23,public,"sra,fastq,run.zq","ncbi,s3,gs","s3.us-east-1,gs.US,ncbi.public",SRX9243716,China,Asia,China: Guiyang,pepper,Illumina HiSeq 2500,GYSBepidermis_D2,Stem bottom epidermis,not applicable,83,PAIRED,PCR,OTHER,plant metagenome,ILLUMINA,2020-11-05T00:00:00Z,biological replicate 2,2020-10-05T11:07:00Z,1,F_Sample_83,SRP286377
SRR12773098,AMPLICON,485,74531172,PRJNA667299,SAMN16365138,Metagenome or environmental,35835751,CHINESE ACADEMY OF SCIENCES,2018-08-23,public,"sra,fastq,run.zq","s3,ncbi,gs","gs.US,s3.us-east-1,ncbi.public",SRX9243715,China,Asia,China: Guiyang,pepper,Illumina HiSeq 2500,GYSBepidermis_D1,Stem bottom epidermis,not applicable,82,PAIRED,PCR,OTHER,plant metagenome,ILLUMINA,2020-11-05T00:00:00Z,biological replicate 1,2020-10-05T11:07:00Z,1,F_Sample_82,SRP286377
SRR12773099,AMPLICON,485,42774750,PRJNA667299,SAMN16365137,Metagenome or environmental,20864684,CHINESE ACADEMY OF SCIENCES,2018-08-23,public,"sra,run.zq,fastq","gs,s3,ncbi","s3.us-east-1,ncbi.public,gs.US",SRX9243714,China,Asia,China: Guiyang,pepper,Illumina HiSeq 2500,GYSUepidermis_H3,Stem upper epidermis,not applicable,81,PAIRED,PCR,OTHER,plant metagenome,ILLUMINA,2020-11-05T00:00:00Z,biological replicate 3,2020-10-05T11:07:00Z,1,F_Sample_81,SRP286377
SRR12773100,AMPLICON,486,40828374,PRJNA667299,SAMN16365065,Metagenome or environmental,19997780,CHINESE ACADEMY OF SCIENCES,2018-08-23,public,"sra,fastq,run.zq","ncbi,s3,gs","s3.us-east-1,gs.US,ncbi.public",SRX9243713,China,Asia,China: Huishui,pepper,Illumina HiSeq 2500,HSBS_H3,bulk soil,not applicable,9,PAIRED,PCR,OTHER,plant metagenome,ILLUMINA,2020-11-05T00:00:00Z,biological replicate 3,2020-10-05T11:07:00Z,1,F_Sample_9,SRP286377
SRR12773101,AMPLICON,485,52874313,PRJNA667299,SAMN16365136,Metagenome or environmental,25348802,CHINESE ACADEMY OF SCIENCES,2018-08-23,public,"run.zq,fastq,sra","ncbi,gs,s3","s3.us-east-1,gs.US,ncbi.public",SRX9243712,China,Asia,China: Guiyang,pepper,Illumina HiSeq 2500,GYSUepidermis_H2,Stem upper epidermis,not applicable,80,PAIRED,PCR,OTHER,plant metagenome,ILLUMINA,2020-11-05T00:00:00Z,biological replicate 2,2020-10-05T11:07:00Z,1,F_Sample_80,SRP286377
SRR12773102,AMPLICON,485,54541704,PRJNA667299,SAMN16365135,Metagenome or environmental,25970077,CHINESE ACADEMY OF SCIENCES,2018-08-23,public,"run.zq,fastq,sra","gs,ncbi,s3","s3.us-east-1,gs.US,ncbi.public",SRX9243711,China,Asia,China: Guiyang,pepper,Illumina HiSeq 2500,GYSUepidermis_H1,Stem upper epidermis,not applicable,79,PAIRED,PCR,OTHER,plant metagenome,ILLUMINA,2020-11-05T00:00:00Z,biological replicate 1,2020-10-05T11:07:00Z,1,F_Sample_79,SRP286377
SRR12773103,AMPLICON,485,61786473,PRJNA667299,SAMN16365134,Metagenome or environmental,29498238,CHINESE ACADEMY OF SCIENCES,2018-08-23,public,"fastq,sra,run.zq","gs,s3,ncbi","ncbi.public,s3.us-east-1,gs.US",SRX9243710,China,Asia,China: Guiyang,pepper,Illumina HiSeq 2500,GYSMepidermis_H3,Stem middle epidermis,not applicable,78,PAIRED,PCR,OTHER,plant metagenome,ILLUMINA,2020-11-05T00:00:00Z,biological replicate 3,2020-10-05T11:07:00Z,1,F_Sample_78,SRP286377
SRR12773104,AMPLICON,485,66414279,PRJNA667299,SAMN16365133,Metagenome or environmental,32202237,CHINESE ACADEMY OF SCIENCES,2018-08-23,public,"sra,run.zq,fastq","s3,ncbi,gs","gs.US,s3.us-east-1,ncbi.public",SRX9243709,China,Asia,China: Guiyang,pepper,Illumina HiSeq 2500,GYSMepidermis_H2,Stem middle epidermis,not applicable,77,PAIRED,PCR,OTHER,plant metagenome,ILLUMINA,2020-11-05T00:00:00Z,biological replicate 2,2020-10-05T11:07:00Z,1,F_Sample_77,SRP286377
SRR12773105,AMPLICON,485,73359963,PRJNA667299,SAMN16365132,Metagenome or environmental,35855721,CHINESE ACADEMY OF SCIENCES,2018-08-23,public,"fastq,sra,run.zq","gs,s3,ncbi","ncbi.public,s3.us-east-1,gs.US",SRX9243708,China,Asia,China: Guiyang,pepper,Illumina HiSeq 2500,GYSMepidermis_H1,Stem middle epidermis,not applicable,76,PAIRED,PCR,OTHER,plant metagenome,ILLUMINA,2020-11-05T00:00:00Z,biological replicate 1,2020-10-05T11:07:00Z,1,F_Sample_76,SRP286377
SRR12773106,AMPLICON,486,65701338,PRJNA667299,SAMN16365131,Metagenome or environmental,35514882,CHINESE ACADEMY OF SCIENCES,2018-08-23,public,"run.zq,sra,fastq","ncbi,gs,s3","gs.US,s3.us-east-1,ncbi.public",SRX9243707,China,Asia,China: Guiyang,pepper,Illumina HiSeq 2500,GYSBepidermis_H3,Stem bottom epidermis,not applicable,75,PAIRED,PCR,OTHER,plant metagenome,ILLUMINA,2020-11-05T00:00:00Z,biological replicate 3,2020-10-05T11:07:00Z,1,F_Sample_75,SRP286377
SRR12773107,AMPLICON,485,71311266,PRJNA667299,SAMN16365130,Metagenome or environmental,34992244,CHINESE ACADEMY OF SCIENCES,2018-08-23,public,"sra,fastq,run.zq","gs,s3,ncbi","s3.us-east-1,ncbi.public,gs.US",SRX9243706,China,Asia,China: Guiyang,pepper,Illumina HiSeq 2500,GYSBepidermis_H2,Stem bottom epidermis,not applicable,74,PAIRED,PCR,OTHER,plant metagenome,ILLUMINA,2020-11-05T00:00:00Z,biological replicate 2,2020-10-05T11:07:00Z,1,F_Sample_74,SRP286377
SRR12773108,AMPLICON,485,79387689,PRJNA667299,SAMN16365129,Metagenome or environmental,38828042,CHINESE ACADEMY OF SCIENCES,2018-08-23,public,"fastq,sra,run.zq","s3,gs,ncbi","s3.us-east-1,ncbi.public,gs.US",SRX9243705,China,Asia,China: Guiyang,pepper,Illumina HiSeq 2500,GYSBepidermis_H1,Stem bottom epidermis,not applicable,73,PAIRED,PCR,OTHER,plant metagenome,ILLUMINA,2020-11-05T00:00:00Z,biological replicate 1,2020-10-05T11:07:00Z,1,F_Sample_73,SRP286377
SRR12773109,AMPLICON,485,36235078,PRJNA667299,SAMN16365128,Metagenome or environmental,17150907,CHINESE ACADEMY OF SCIENCES,2018-08-23,public,"fastq,run.zq,sra","s3,ncbi,gs","ncbi.public,gs.US,s3.us-east-1",SRX9243704,China,Asia,China: Huishui,pepper,Illumina HiSeq 2500,HSFendo_D3,Fruit endosphere,not applicable,72,PAIRED,PCR,OTHER,plant metagenome,ILLUMINA,2020-11-05T00:00:00Z,biological replicate 3,2020-10-05T11:07:00Z,1,F_Sample_72,SRP286377
SRR12773110,AMPLICON,485,35971250,PRJNA667299,SAMN16365127,Metagenome or environmental,16914178,CHINESE ACADEMY OF SCIENCES,2018-08-23,public,"sra,fastq,run.zq","gs,ncbi,s3","ncbi.public,s3.us-east-1,gs.US",SRX9243703,China,Asia,China: Huishui,pepper,Illumina HiSeq 2500,HSFendo_D2,Fruit endosphere,not applicable,71,PAIRED,PCR,OTHER,plant metagenome,ILLUMINA,2020-11-05T00:00:00Z,biological replicate 2,2020-10-05T11:07:00Z,1,F_Sample_71,SRP286377
SRR12773111,AMPLICON,486,47327652,PRJNA667299,SAMN16365064,Metagenome or environmental,22829032,CHINESE ACADEMY OF SCIENCES,2018-08-23,public,"sra,run.zq,fastq","s3,gs,ncbi","gs.US,ncbi.public,s3.us-east-1",SRX9243702,China,Asia,China: Huishui,pepper,Illumina HiSeq 2500,HSBS_H2,bulk soil,not applicable,8,PAIRED,PCR,OTHER,plant metagenome,ILLUMINA,2020-11-05T00:00:00Z,biological replicate 2,2020-10-05T11:07:00Z,1,F_Sample_8,SRP286377
SRR12773112,AMPLICON,485,41475071,PRJNA667299,SAMN16365126,Metagenome or environmental,19589215,CHINESE ACADEMY OF SCIENCES,2018-08-23,public,"run.zq,sra,fastq","gs,s3,ncbi","s3.us-east-1,gs.US,ncbi.public",SRX9243701,China,Asia,China: Huishui,pepper,Illumina HiSeq 2500,HSFendo_D1,Fruit endosphere,not applicable,70,PAIRED,PCR,OTHER,plant metagenome,ILLUMINA,2020-11-05T00:00:00Z,biological replicate 1,2020-10-05T11:07:00Z,1,F_Sample_70,SRP286377
SRR12773113,AMPLICON,485,36088490,PRJNA667299,SAMN16365125,Metagenome or environmental,17338430,CHINESE ACADEMY OF SCIENCES,2018-08-23,public,"fastq,run.zq,sra","s3,gs,ncbi","gs.US,s3.us-east-1,ncbi.public",SRX9243700,China,Asia,China: Huishui,pepper,Illumina HiSeq 2500,HSFendo_H3,Fruit endosphere,not applicable,69,PAIRED,PCR,OTHER,plant metagenome,ILLUMINA,2020-11-05T00:00:00Z,biological replicate 3,2020-10-05T11:07:00Z,1,F_Sample_69,SRP286377
SRR12773114,AMPLICON,485,40040524,PRJNA667299,SAMN16365124,Metagenome or environmental,19190802,CHINESE ACADEMY OF SCIENCES,2018-08-23,public,"fastq,run.zq,sra","gs,s3,ncbi","ncbi.public,gs.US,s3.us-east-1",SRX9243699,China,Asia,China: Huishui,pepper,Illumina HiSeq 2500,HSFendo_H2,Fruit endosphere,not applicable,68,PAIRED,PCR,OTHER,plant metagenome,ILLUMINA,2020-11-05T00:00:00Z,biological replicate 2,2020-10-05T11:07:00Z,1,F_Sample_68,SRP286377
SRR12773115,AMPLICON,485,39023177,PRJNA667299,SAMN16365123,Metagenome or environmental,18863285,CHINESE ACADEMY OF SCIENCES,2018-08-23,public,"fastq,run.zq,sra","ncbi,gs,s3","gs.US,s3.us-east-1,ncbi.public",SRX9243698,China,Asia,China: Huishui,pepper,Illumina HiSeq 2500,HSFendo_H1,Fruit endosphere,not applicable,67,PAIRED,PCR,OTHER,plant metagenome,ILLUMINA,2020-11-05T00:00:00Z,biological replicate 1,2020-10-05T11:07:00Z,1,F_Sample_67,SRP286377
SRR12773116,AMPLICON,485,37108008,PRJNA667299,SAMN16365122,Metagenome or environmental,17035111,CHINESE ACADEMY OF SCIENCES,2018-08-23,public,"fastq,run.zq,sra","ncbi,s3,gs","gs.US,ncbi.public,s3.us-east-1",SRX9243697,China,Asia,China: Guiyang,pepper,Illumina HiSeq 2500,GYFendo_D3,Fruit endosphere,not applicable,66,PAIRED,PCR,OTHER,plant metagenome,ILLUMINA,2020-11-05T00:00:00Z,biological replicate 3,2020-10-05T11:07:00Z,1,F_Sample_66,SRP286377
SRR12773117,AMPLICON,485,43378752,PRJNA667299,SAMN16365121,Metagenome or environmental,19818517,CHINESE ACADEMY OF SCIENCES,2018-08-23,public,"run.zq,sra,fastq","s3,gs,ncbi","gs.US,ncbi.public,s3.us-east-1",SRX9243696,China,Asia,China: Guiyang,pepper,Illumina HiSeq 2500,GYFendo_D2,Fruit endosphere,not applicable,65,PAIRED,PCR,OTHER,plant metagenome,ILLUMINA,2020-11-05T00:00:00Z,biological replicate 2,2020-10-05T11:07:00Z,1,F_Sample_65,SRP286377
SRR12773118,AMPLICON,485,42186670,PRJNA667299,SAMN16365120,Metagenome or environmental,19511250,CHINESE ACADEMY OF SCIENCES,2018-08-23,public,"run.zq,fastq,sra","ncbi,s3,gs","ncbi.public,s3.us-east-1,gs.US",SRX9243695,China,Asia,China: Guiyang,pepper,Illumina HiSeq 2500,GYFendo_D1,Fruit endosphere,not applicable,64,PAIRED,PCR,OTHER,plant metagenome,ILLUMINA,2020-11-05T00:00:00Z,biological replicate 1,2020-10-05T11:07:00Z,1,F_Sample_64,SRP286377
SRR12773119,AMPLICON,485,42869980,PRJNA667299,SAMN16365119,Metagenome or environmental,19803515,CHINESE ACADEMY OF SCIENCES,2018-08-23,public,"run.zq,sra,fastq","s3,ncbi,gs","s3.us-east-1,gs.US,ncbi.public",SRX9243694,China,Asia,China: Guiyang,pepper,Illumina HiSeq 2500,GYFendo_H3,Fruit endosphere,not applicable,63,PAIRED,PCR,OTHER,plant metagenome,ILLUMINA,2020-11-05T00:00:00Z,biological replicate 3,2020-10-05T11:07:00Z,1,F_Sample_63,SRP286377
SRR12773120,AMPLICON,485,33897013,PRJNA667299,SAMN16365118,Metagenome or environmental,15148738,CHINESE ACADEMY OF SCIENCES,2018-08-23,public,"run.zq,sra,fastq","s3,ncbi,gs","s3.us-east-1,ncbi.public,gs.US",SRX9243693,China,Asia,China: Guiyang,pepper,Illumina HiSeq 2500,GYFendo_H2,Fruit endosphere,not applicable,62,PAIRED,PCR,OTHER,plant metagenome,ILLUMINA,2020-11-05T00:00:00Z,biological replicate 2,2020-10-05T11:07:00Z,1,F_Sample_62,SRP286377
SRR12773121,AMPLICON,485,35693756,PRJNA667299,SAMN16365117,Metagenome or environmental,16465838,CHINESE ACADEMY OF SCIENCES,2018-08-23,public,"sra,fastq,run.zq","s3,ncbi,gs","gs.US,s3.us-east-1,ncbi.public",SRX9243692,China,Asia,China: Guiyang,pepper,Illumina HiSeq 2500,GYFendo_H1,Fruit endosphere,not applicable,61,PAIRED,PCR,OTHER,plant metagenome,ILLUMINA,2020-11-05T00:00:00Z,biological replicate 1,2020-10-05T11:07:00Z,1,F_Sample_61,SRP286377
SRR12773122,AMPLICON,486,39701826,PRJNA667299,SAMN16365063,Metagenome or environmental,19362509,CHINESE ACADEMY OF SCIENCES,2018-08-23,public,"fastq,run.zq,sra","ncbi,gs,s3","ncbi.public,gs.US,s3.us-east-1",SRX9243691,China,Asia,China: Huishui,pepper,Illumina HiSeq 2500,HSBS_H1,bulk soil,not applicable,7,PAIRED,PCR,OTHER,plant metagenome,ILLUMINA,2020-11-05T00:00:00Z,biological replicate 1,2020-10-05T11:07:00Z,1,F_Sample_7,SRP286377
SRR12773123,AMPLICON,485,124162088,PRJNA667299,SAMN16365116,Metagenome or environmental,60558598,CHINESE ACADEMY OF SCIENCES,2018-08-23,public,"fastq,sra,run.zq","s3,ncbi,gs","gs.US,ncbi.public,s3.us-east-1",SRX9243690,China,Asia,China: Huishui,pepper,Illumina HiSeq 2500,HSFepi_D3,Fruit epiphyte,not applicable,60,PAIRED,PCR,OTHER,plant metagenome,ILLUMINA,2020-11-05T00:00:00Z,biological replicate 3,2020-10-05T11:07:00Z,1,F_Sample_60,SRP286377
SRR12773124,AMPLICON,485,52240533,PRJNA667299,SAMN16365115,Metagenome or environmental,25184570,CHINESE ACADEMY OF SCIENCES,2018-08-23,public,"fastq,run.zq,sra","gs,ncbi,s3","s3.us-east-1,ncbi.public,gs.US",SRX9243689,China,Asia,China: Huishui,pepper,Illumina HiSeq 2500,HSFepi_D2,Fruit epiphyte,not applicable,59,PAIRED,PCR,OTHER,plant metagenome,ILLUMINA,2020-11-05T00:00:00Z,biological replicate 2,2020-10-05T11:07:00Z,1,F_Sample_59,SRP286377
SRR12773125,AMPLICON,485,84970707,PRJNA667299,SAMN16365114,Metagenome or environmental,41236327,CHINESE ACADEMY OF SCIENCES,2018-08-23,public,"fastq,sra,run.zq","gs,ncbi,s3","s3.us-east-1,gs.US,ncbi.public",SRX9243688,China,Asia,China: Huishui,pepper,Illumina HiSeq 2500,HSFepi_D1,Fruit epiphyte,not applicable,58,PAIRED,PCR,OTHER,plant metagenome,ILLUMINA,2020-11-05T00:00:00Z,biological replicate 1,2020-10-05T11:07:00Z,1,F_Sample_58,SRP286377
SRR12773126,AMPLICON,485,42735791,PRJNA667299,SAMN16365113,Metagenome or environmental,20880933,CHINESE ACADEMY OF SCIENCES,2018-08-23,public,"fastq,sra,run.zq","ncbi,gs,s3","gs.US,ncbi.public,s3.us-east-1",SRX9243687,China,Asia,China: Huishui,pepper,Illumina HiSeq 2500,HSFepi_H3,Fruit epiphyte,not applicable,57,PAIRED,PCR,OTHER,plant metagenome,ILLUMINA,2020-11-05T00:00:00Z,biological replicate 3,2020-10-05T11:07:00Z,1,F_Sample_57,SRP286377
SRR12773127,AMPLICON,485,34260538,PRJNA667299,SAMN16365112,Metagenome or environmental,16418396,CHINESE ACADEMY OF SCIENCES,2018-08-23,public,"sra,run.zq,fastq","gs,s3,ncbi","s3.us-east-1,ncbi.public,gs.US",SRX9243686,China,Asia,China: Huishui,pepper,Illumina HiSeq 2500,HSFepi_H2,Fruit epiphyte,not applicable,56,PAIRED,PCR,OTHER,plant metagenome,ILLUMINA,2020-11-05T00:00:00Z,biological replicate 2,2020-10-05T11:07:00Z,1,F_Sample_56,SRP286377
SRR12773128,AMPLICON,485,46206757,PRJNA667299,SAMN16365111,Metagenome or environmental,22564931,CHINESE ACADEMY OF SCIENCES,2018-08-23,public,"sra,run.zq,fastq","gs,ncbi,s3","gs.US,s3.us-east-1,ncbi.public",SRX9243685,China,Asia,China: Huishui,pepper,Illumina HiSeq 2500,HSFepi_H1,Fruit epiphyte,not applicable,55,PAIRED,PCR,OTHER,plant metagenome,ILLUMINA,2020-11-05T00:00:00Z,biological replicate 1,2020-10-05T11:07:00Z,1,F_Sample_55,SRP286377
SRR12773129,AMPLICON,485,60785409,PRJNA667299,SAMN16365110,Metagenome or environmental,29026539,CHINESE ACADEMY OF SCIENCES,2018-08-23,public,"run.zq,fastq,sra","s3,ncbi,gs","gs.US,s3.us-east-1,ncbi.public",SRX9243684,China,Asia,China: Guiyang,pepper,Illumina HiSeq 2500,GYFepi_D3,Fruit epiphyte,not applicable,54,PAIRED,PCR,OTHER,plant metagenome,ILLUMINA,2020-11-05T00:00:00Z,biological replicate 3,2020-10-05T11:07:00Z,1,F_Sample_54,SRP286377
SRR12773130,AMPLICON,485,51296271,PRJNA667299,SAMN16365109,Metagenome or environmental,24599258,CHINESE ACADEMY OF SCIENCES,2018-08-23,public,"run.zq,sra,fastq","gs,ncbi,s3","ncbi.public,gs.US,s3.us-east-1",SRX9243683,China,Asia,China: Guiyang,pepper,Illumina HiSeq 2500,GYFepi_D2,Fruit epiphyte,not applicable,53,PAIRED,PCR,OTHER,plant metagenome,ILLUMINA,2020-11-05T00:00:00Z,biological replicate 2,2020-10-05T11:07:00Z,1,F_Sample_53,SRP286377
SRR12773131,AMPLICON,485,69419324,PRJNA667299,SAMN16365108,Metagenome or environmental,33084682,CHINESE ACADEMY OF SCIENCES,2018-08-23,public,"sra,run.zq,fastq","ncbi,s3,gs","ncbi.public,gs.US,s3.us-east-1",SRX9243682,China,Asia,China: Guiyang,pepper,Illumina HiSeq 2500,GYFepi_D1,Fruit epiphyte,not applicable,52,PAIRED,PCR,OTHER,plant metagenome,ILLUMINA,2020-11-05T00:00:00Z,biological replicate 1,2020-10-05T11:07:00Z,1,F_Sample_52,SRP286377
SRR12773132,AMPLICON,485,52375862,PRJNA667299,SAMN16365107,Metagenome or environmental,24949961,CHINESE ACADEMY OF SCIENCES,2018-08-23,public,"run.zq,sra,fastq","s3,gs,ncbi","gs.US,s3.us-east-1,ncbi.public",SRX9243681,China,Asia,China: Guiyang,pepper,Illumina HiSeq 2500,GYFepi_H3,Fruit epiphyte,not applicable,51,PAIRED,PCR,OTHER,plant metagenome,ILLUMINA,2020-11-05T00:00:00Z,biological replicate 3,2020-10-05T11:07:00Z,1,F_Sample_51,SRP286377
SRR12773133,AMPLICON,486,29698488,PRJNA667299,SAMN16365062,Metagenome or environmental,14448017,CHINESE ACADEMY OF SCIENCES,2018-08-23,public,"sra,run.zq,fastq","ncbi,s3,gs","ncbi.public,gs.US,s3.us-east-1",SRX9243680,China,Asia,China: Guiyang,pepper,Illumina HiSeq 2500,GYBS_D3,bulk soil,not applicable,6,PAIRED,PCR,OTHER,plant metagenome,ILLUMINA,2020-11-05T00:00:00Z,biological replicate 3,2020-10-05T11:07:00Z,1,F_Sample_6,SRP286377
SRR12773134,AMPLICON,485,43755025,PRJNA667299,SAMN16365106,Metagenome or environmental,20838528,CHINESE ACADEMY OF SCIENCES,2018-08-23,public,"fastq,sra,run.zq","gs,ncbi,s3","ncbi.public,gs.US,s3.us-east-1",SRX9243679,China,Asia,China: Guiyang,pepper,Illumina HiSeq 2500,GYFepi_H2,Fruit epiphyte,not applicable,50,PAIRED,PCR,OTHER,plant metagenome,ILLUMINA,2020-11-05T00:00:00Z,biological replicate 2,2020-10-05T11:07:00Z,1,F_Sample_50,SRP286377
SRR12773135,AMPLICON,485,24836522,PRJNA667299,SAMN16365105,Metagenome or environmental,12235484,CHINESE ACADEMY OF SCIENCES,2018-08-23,public,"fastq,sra,run.zq","ncbi,gs,s3","s3.us-east-1,gs.US,ncbi.public",SRX9243678,China,Asia,China: Guiyang,pepper,Illumina HiSeq 2500,GYFepi_H1,Fruit epiphyte,not applicable,49,PAIRED,PCR,OTHER,plant metagenome,ILLUMINA,2020-11-05T00:00:00Z,biological replicate 1,2020-10-05T11:07:00Z,1,F_Sample_49,SRP286377
SRR12773136,AMPLICON,485,62778801,PRJNA667299,SAMN16365104,Metagenome or environmental,30666682,CHINESE ACADEMY OF SCIENCES,2018-08-23,public,"sra,run.zq,fastq","s3,ncbi,gs","gs.US,s3.us-east-1,ncbi.public",SRX9243677,China,Asia,China: Huishui,pepper,Illumina HiSeq 2500,HSRendo_D3,Root endosphere,not applicable,48,PAIRED,PCR,OTHER,plant metagenome,ILLUMINA,2020-11-05T00:00:00Z,biological replicate 3,2020-10-05T11:07:00Z,1,F_Sample_48,SRP286377
SRR12773137,AMPLICON,485,31572407,PRJNA667299,SAMN16365103,Metagenome or environmental,15305680,CHINESE ACADEMY OF SCIENCES,2018-08-23,public,"fastq,run.zq,sra","ncbi,s3,gs","ncbi.public,gs.US,s3.us-east-1",SRX9243676,China,Asia,China: Huishui,pepper,Illumina HiSeq 2500,HSRendo_D2,Root endosphere,not applicable,47,PAIRED,PCR,OTHER,plant metagenome,ILLUMINA,2020-11-05T00:00:00Z,biological replicate 2,2020-10-05T11:07:00Z,1,F_Sample_47,SRP286377
SRR12773138,AMPLICON,485,99727996,PRJNA667299,SAMN16365102,Metagenome or environmental,48498604,CHINESE ACADEMY OF SCIENCES,2018-08-23,public,"sra,run.zq,fastq","ncbi,s3,gs","s3.us-east-1,ncbi.public,gs.US",SRX9243675,China,Asia,China: Huishui,pepper,Illumina HiSeq 2500,HSRendo_D1,Root endosphere,not applicable,46,PAIRED,PCR,OTHER,plant metagenome,ILLUMINA,2020-11-05T00:00:00Z,biological replicate 1,2020-10-05T11:07:00Z,1,F_Sample_46,SRP286377
SRR12773139,AMPLICON,485,23048051,PRJNA667299,SAMN16365101,Metagenome or environmental,11103267,CHINESE ACADEMY OF SCIENCES,2018-08-23,public,"run.zq,fastq,sra","s3,gs,ncbi","s3.us-east-1,ncbi.public,gs.US",SRX9243674,China,Asia,China: Huishui,pepper,Illumina HiSeq 2500,HSRendo_H3,Root endosphere,not applicable,45,PAIRED,PCR,OTHER,plant metagenome,ILLUMINA,2020-11-05T00:00:00Z,biological replicate 3,2020-10-05T11:07:00Z,1,F_Sample_45,SRP286377
SRR12773140,AMPLICON,485,28049950,PRJNA667299,SAMN16365100,Metagenome or environmental,13497167,CHINESE ACADEMY OF SCIENCES,2018-08-23,public,"fastq,sra,run.zq","gs,ncbi,s3","ncbi.public,gs.US,s3.us-east-1",SRX9243673,China,Asia,China: Huishui,pepper,Illumina HiSeq 2500,HSRendo_H2,Root endosphere,not applicable,44,PAIRED,PCR,OTHER,plant metagenome,ILLUMINA,2020-11-05T00:00:00Z,biological replicate 2,2020-10-05T11:07:00Z,1,F_Sample_44,SRP286377
SRR12773141,AMPLICON,485,31664115,PRJNA667299,SAMN16365099,Metagenome or environmental,15332979,CHINESE ACADEMY OF SCIENCES,2018-08-23,public,"fastq,run.zq,sra","gs,s3,ncbi","s3.us-east-1,ncbi.public,gs.US",SRX9243672,China,Asia,China: Huishui,pepper,Illumina HiSeq 2500,HSRendo_H1,Root endosphere,not applicable,43,PAIRED,PCR,OTHER,plant metagenome,ILLUMINA,2020-11-05T00:00:00Z,biological replicate 1,2020-10-05T11:07:00Z,1,F_Sample_43,SRP286377
SRR12773142,AMPLICON,485,103920445,PRJNA667299,SAMN16365098,Metagenome or environmental,50152713,CHINESE ACADEMY OF SCIENCES,2018-08-23,public,"run.zq,fastq,sra","gs,ncbi,s3","gs.US,s3.us-east-1,ncbi.public",SRX9243671,China,Asia,China: Guiyang,pepper,Illumina HiSeq 2500,GYRendo_D3,Root endosphere,not applicable,42,PAIRED,PCR,OTHER,plant metagenome,ILLUMINA,2020-11-05T00:00:00Z,biological replicate 3,2020-10-05T11:07:00Z,1,F_Sample_42,SRP286377
SRR12773143,AMPLICON,485,112741185,PRJNA667299,SAMN16365097,Metagenome or environmental,54887595,CHINESE ACADEMY OF SCIENCES,2018-08-23,public,"sra,run.zq,fastq","ncbi,s3,gs","ncbi.public,s3.us-east-1,gs.US",SRX9243670,China,Asia,China: Guiyang,pepper,Illumina HiSeq 2500,GYRendo_D2,Root endosphere,not applicable,41,PAIRED,PCR,OTHER,plant metagenome,ILLUMINA,2020-11-05T00:00:00Z,biological replicate 2,2020-10-05T11:08:00Z,1,F_Sample_41,SRP286377
SRR12773144,AMPLICON,486,40354038,PRJNA667299,SAMN16365061,Metagenome or environmental,19442754,CHINESE ACADEMY OF SCIENCES,2018-08-23,public,"sra,fastq,run.zq","gs,s3,ncbi","s3.us-east-1,gs.US,ncbi.public",SRX9243669,China,Asia,China: Guiyang,pepper,Illumina HiSeq 2500,GYBS_D2,bulk soil,not applicable,5,PAIRED,PCR,OTHER,plant metagenome,ILLUMINA,2020-11-05T00:00:00Z,biological replicate 2,2020-10-05T11:07:00Z,1,F_Sample_5,SRP286377
SRR12773145,AMPLICON,485,86302801,PRJNA667299,SAMN16365096,Metagenome or environmental,42372652,CHINESE ACADEMY OF SCIENCES,2018-08-23,public,"sra,run.zq,fastq","ncbi,s3,gs","gs.US,ncbi.public,s3.us-east-1",SRX9243668,China,Asia,China: Guiyang,pepper,Illumina HiSeq 2500,GYRendo_D1,Root endosphere,not applicable,40,PAIRED,PCR,OTHER,plant metagenome,ILLUMINA,2020-11-05T00:00:00Z,biological replicate 1,2020-10-05T11:07:00Z,1,F_Sample_40,SRP286377
SRR12773146,AMPLICON,485,30175609,PRJNA667299,SAMN16365095,Metagenome or environmental,13830722,CHINESE ACADEMY OF SCIENCES,2018-08-23,public,"sra,run.zq,fastq","gs,s3,ncbi","gs.US,ncbi.public,s3.us-east-1",SRX9243667,China,Asia,China: Guiyang,pepper,Illumina HiSeq 2500,GYRendo_H3,Root endosphere,not applicable,39,PAIRED,PCR,OTHER,plant metagenome,ILLUMINA,2020-11-05T00:00:00Z,biological replicate 3,2020-10-05T11:07:00Z,1,F_Sample_39,SRP286377
SRR12773147,AMPLICON,485,34510745,PRJNA667299,SAMN16365094,Metagenome or environmental,16098913,CHINESE ACADEMY OF SCIENCES,2018-08-23,public,"run.zq,sra,fastq","s3,ncbi,gs","gs.US,s3.us-east-1,ncbi.public",SRX9243666,China,Asia,China: Guiyang,pepper,Illumina HiSeq 2500,GYRendo_H2,Root endosphere,not applicable,38,PAIRED,PCR,OTHER,plant metagenome,ILLUMINA,2020-11-05T00:00:00Z,biological replicate 2,2020-10-05T11:07:00Z,1,F_Sample_38,SRP286377
SRR12773148,AMPLICON,485,33634010,PRJNA667299,SAMN16365093,Metagenome or environmental,15891341,CHINESE ACADEMY OF SCIENCES,2018-08-23,public,"run.zq,sra,fastq","gs,s3,ncbi","s3.us-east-1,gs.US,ncbi.public",SRX9243665,China,Asia,China: Guiyang,pepper,Illumina HiSeq 2500,GYRendo_H1,Root endosphere,not applicable,37,PAIRED,PCR,OTHER,plant metagenome,ILLUMINA,2020-11-05T00:00:00Z,biological replicate 1,2020-10-05T11:07:00Z,1,F_Sample_37,SRP286377
SRR12773149,AMPLICON,485,78427833,PRJNA667299,SAMN16365092,Metagenome or environmental,38612762,CHINESE ACADEMY OF SCIENCES,2018-08-23,public,"sra,run.zq,fastq","ncbi,gs,s3","ncbi.public,s3.us-east-1,gs.US",SRX9243664,China,Asia,China: Huishui,pepper,Illumina HiSeq 2500,HSRepi_D3,Root epiphyte,not applicable,36,PAIRED,PCR,OTHER,plant metagenome,ILLUMINA,2020-11-05T00:00:00Z,biological replicate 3,2020-10-05T11:08:00Z,1,F_Sample_36,SRP286377
SRR12773150,AMPLICON,485,59702579,PRJNA667299,SAMN16365091,Metagenome or environmental,29965049,CHINESE ACADEMY OF SCIENCES,2018-08-23,public,"sra,run.zq,fastq","s3,gs,ncbi","s3.us-east-1,gs.US,ncbi.public",SRX9243663,China,Asia,China: Huishui,pepper,Illumina HiSeq 2500,HSRepi_D2,Root epiphyte,not applicable,35,PAIRED,PCR,OTHER,plant metagenome,ILLUMINA,2020-11-05T00:00:00Z,biological replicate 2,2020-10-05T11:07:00Z,1,F_Sample_35,SRP286377
SRR12773151,AMPLICON,485,75548323,PRJNA667299,SAMN16365090,Metagenome or environmental,37156104,CHINESE ACADEMY OF SCIENCES,2018-08-23,public,"fastq,sra,run.zq","gs,ncbi,s3","gs.US,s3.us-east-1,ncbi.public",SRX9243662,China,Asia,China: Huishui,pepper,Illumina HiSeq 2500,HSRepi_D1,Root epiphyte,not applicable,34,PAIRED,PCR,OTHER,plant metagenome,ILLUMINA,2020-11-05T00:00:00Z,biological replicate 1,2020-10-05T11:08:00Z,1,F_Sample_34,SRP286377
SRR12773152,AMPLICON,485,41716106,PRJNA667299,SAMN16365089,Metagenome or environmental,20380606,CHINESE ACADEMY OF SCIENCES,2018-08-23,public,"fastq,sra,run.zq","ncbi,s3,gs","gs.US,ncbi.public,s3.us-east-1",SRX9243661,China,Asia,China: Huishui,pepper,Illumina HiSeq 2500,HSRepi_H3,Root epiphyte,not applicable,33,PAIRED,PCR,OTHER,plant metagenome,ILLUMINA,2020-11-05T00:00:00Z,biological replicate 3,2020-10-05T11:08:00Z,1,F_Sample_33,SRP286377
SRR12773153,AMPLICON,485,52157966,PRJNA667299,SAMN16365088,Metagenome or environmental,25829484,CHINESE ACADEMY OF SCIENCES,2018-08-23,public,"sra,fastq,run.zq","ncbi,gs,s3","s3.us-east-1,ncbi.public,gs.US",SRX9243660,China,Asia,China: Huishui,pepper,Illumina HiSeq 2500,HSRepi_H2,Root epiphyte,not applicable,32,PAIRED,PCR,OTHER,plant metagenome,ILLUMINA,2020-11-05T00:00:00Z,biological replicate 2,2020-10-05T11:07:00Z,1,F_Sample_32,SRP286377
SRR12773154,AMPLICON,485,49990653,PRJNA667299,SAMN16365087,Metagenome or environmental,24732927,CHINESE ACADEMY OF SCIENCES,2018-08-23,public,"run.zq,fastq,sra","gs,ncbi,s3","s3.us-east-1,gs.US,ncbi.public",SRX9243659,China,Asia,China: Huishui,pepper,Illumina HiSeq 2500,HSRepi_H1,Root epiphyte,not applicable,31,PAIRED,PCR,OTHER,plant metagenome,ILLUMINA,2020-11-05T00:00:00Z,biological replicate 1,2020-10-05T11:07:00Z,1,F_Sample_31,SRP286377
SRR12773155,AMPLICON,486,42224166,PRJNA667299,SAMN16365060,Metagenome or environmental,20428256,CHINESE ACADEMY OF SCIENCES,2018-08-23,public,"fastq,sra,run.zq","s3,ncbi,gs","ncbi.public,s3.us-east-1,gs.US",SRX9243658,China,Asia,China: Guiyang,pepper,Illumina HiSeq 2500,GYBS_D1,bulk soil,not applicable,4,PAIRED,PCR,OTHER,plant metagenome,ILLUMINA,2020-11-05T00:00:00Z,biological replicate 1,2020-10-05T11:07:00Z,1,F_Sample_4,SRP286377
SRR12773156,AMPLICON,485,68681850,PRJNA667299,SAMN16365086,Metagenome or environmental,33687041,CHINESE ACADEMY OF SCIENCES,2018-08-23,public,"run.zq,sra,fastq","s3,ncbi,gs","ncbi.public,s3.us-east-1,gs.US",SRX9243657,China,Asia,China: Guiyang,pepper,Illumina HiSeq 2500,GYRepi_D3,Root epiphyte,not applicable,30,PAIRED,PCR,OTHER,plant metagenome,ILLUMINA,2020-11-05T00:00:00Z,biological replicate 3,2020-10-05T11:08:00Z,1,F_Sample_30,SRP286377
SRR12773157,AMPLICON,485,73278105,PRJNA667299,SAMN16365085,Metagenome or environmental,35968079,CHINESE ACADEMY OF SCIENCES,2018-08-23,public,"run.zq,fastq,sra","ncbi,gs,s3","ncbi.public,gs.US,s3.us-east-1",SRX9243656,China,Asia,China: Guiyang,pepper,Illumina HiSeq 2500,GYRepi_D2,Root epiphyte,not applicable,29,PAIRED,PCR,OTHER,plant metagenome,ILLUMINA,2020-11-05T00:00:00Z,biological replicate 2,2020-10-05T11:08:00Z,1,F_Sample_29,SRP286377
SRR12773158,AMPLICON,485,57182645,PRJNA667299,SAMN16365084,Metagenome or environmental,28451756,CHINESE ACADEMY OF SCIENCES,2018-08-23,public,"fastq,run.zq,sra","gs,ncbi,s3","ncbi.public,gs.US,s3.us-east-1",SRX9243655,China,Asia,China: Guiyang,pepper,Illumina HiSeq 2500,GYRepi_D1,Root epiphyte,not applicable,28,PAIRED,PCR,OTHER,plant metagenome,ILLUMINA,2020-11-05T00:00:00Z,biological replicate 1,2020-10-05T11:08:00Z,1,F_Sample_28,SRP286377
SRR12773159,AMPLICON,485,53651285,PRJNA667299,SAMN16365083,Metagenome or environmental,25844812,CHINESE ACADEMY OF SCIENCES,2018-08-23,public,"sra,fastq,run.zq","ncbi,gs,s3","ncbi.public,s3.us-east-1,gs.US",SRX9243654,China,Asia,China: Guiyang,pepper,Illumina HiSeq 2500,GYRepi_H3,Root epiphyte,not applicable,27,PAIRED,PCR,OTHER,plant metagenome,ILLUMINA,2020-11-05T00:00:00Z,biological replicate 3,2020-10-05T11:08:00Z,1,F_Sample_27,SRP286377
SRR12773160,AMPLICON,485,53120709,PRJNA667299,SAMN16365082,Metagenome or environmental,26199160,CHINESE ACADEMY OF SCIENCES,2018-08-23,public,"sra,run.zq,fastq","s3,gs,ncbi","s3.us-east-1,ncbi.public,gs.US",SRX9243653,China,Asia,China: Guiyang,pepper,Illumina HiSeq 2500,GYRepi_H2,Root epiphyte,not applicable,26,PAIRED,PCR,OTHER,plant metagenome,ILLUMINA,2020-11-05T00:00:00Z,biological replicate 2,2020-10-05T11:08:00Z,1,F_Sample_26,SRP286377
SRR12773161,AMPLICON,485,44391191,PRJNA667299,SAMN16365081,Metagenome or environmental,21747536,CHINESE ACADEMY OF SCIENCES,2018-08-23,public,"sra,run.zq,fastq","s3,gs,ncbi","s3.us-east-1,gs.US,ncbi.public",SRX9243652,China,Asia,China: Guiyang,pepper,Illumina HiSeq 2500,GYRepi_H1,Root epiphyte,not applicable,25,PAIRED,PCR,OTHER,plant metagenome,ILLUMINA,2020-11-05T00:00:00Z,biological replicate 1,2020-10-05T11:08:00Z,1,F_Sample_25,SRP286377
SRR12773162,AMPLICON,486,48798774,PRJNA667299,SAMN16365080,Metagenome or environmental,23510012,CHINESE ACADEMY OF SCIENCES,2018-08-23,public,"fastq,sra,run.zq","s3,gs,ncbi","gs.US,ncbi.public,s3.us-east-1",SRX9243651,China,Asia,China: Huishui,pepper,Illumina HiSeq 2500,HSRHS_D3,rhizosphere soil,not applicable,24,PAIRED,PCR,OTHER,plant metagenome,ILLUMINA,2020-11-05T00:00:00Z,biological replicate 3,2020-10-05T11:07:00Z,1,F_Sample_24,SRP286377
SRR12773163,AMPLICON,486,35795358,PRJNA667299,SAMN16365079,Metagenome or environmental,17231496,CHINESE ACADEMY OF SCIENCES,2018-08-23,public,"sra,fastq,run.zq","ncbi,s3,gs","gs.US,s3.us-east-1,ncbi.public",SRX9243650,China,Asia,China: Huishui,pepper,Illumina HiSeq 2500,HSRHS_D2,rhizosphere soil,not applicable,23,PAIRED,PCR,OTHER,plant metagenome,ILLUMINA,2020-11-05T00:00:00Z,biological replicate 2,2020-10-05T11:07:00Z,1,F_Sample_23,SRP286377
SRR12773164,AMPLICON,486,39924900,PRJNA667299,SAMN16365078,Metagenome or environmental,19430348,CHINESE ACADEMY OF SCIENCES,2018-08-23,public,"sra,run.zq,fastq","s3,ncbi,gs","ncbi.public,gs.US,s3.us-east-1",SRX9243649,China,Asia,China: Huishui,pepper,Illumina HiSeq 2500,HSRHS_D1,rhizosphere soil,not applicable,22,PAIRED,PCR,OTHER,plant metagenome,ILLUMINA,2020-11-05T00:00:00Z,biological replicate 1,2020-10-05T11:08:00Z,1,F_Sample_22,SRP286377
SRR12773165,AMPLICON,486,45462384,PRJNA667299,SAMN16365077,Metagenome or environmental,21615240,CHINESE ACADEMY OF SCIENCES,2018-08-23,public,"run.zq,fastq,sra","s3,gs,ncbi","s3.us-east-1,ncbi.public,gs.US",SRX9243648,China,Asia,China: Huishui,pepper,Illumina HiSeq 2500,HSRHS_H3,rhizosphere soil,not applicable,21,PAIRED,PCR,OTHER,plant metagenome,ILLUMINA,2020-11-05T00:00:00Z,biological replicate 3,2020-10-05T11:08:00Z,1,F_Sample_21,SRP286377
SRR12773166,AMPLICON,486,44069994,PRJNA667299,SAMN16365059,Metagenome or environmental,21194251,CHINESE ACADEMY OF SCIENCES,2018-08-23,public,"fastq,run.zq,sra","s3,gs,ncbi","gs.US,ncbi.public,s3.us-east-1",SRX9243647,China,Asia,China: Guiyang,pepper,Illumina HiSeq 2500,GYBS_H3,bulk soil,not applicable,3,PAIRED,PCR,OTHER,plant metagenome,ILLUMINA,2020-11-05T00:00:00Z,biological replicate 3,2020-10-05T11:08:00Z,1,F_Sample_3,SRP286377
SRR12773167,AMPLICON,486,32925042,PRJNA667299,SAMN16365076,Metagenome or environmental,15928999,CHINESE ACADEMY OF SCIENCES,2018-08-23,public,"fastq,sra,run.zq","s3,ncbi,gs","ncbi.public,s3.us-east-1,gs.US",SRX9243646,China,Asia,China: Huishui,pepper,Illumina HiSeq 2500,HSRHS_H2,rhizosphere soil,not applicable,20,PAIRED,PCR,OTHER,plant metagenome,ILLUMINA,2020-11-05T00:00:00Z,biological replicate 2,2020-10-05T11:07:00Z,1,F_Sample_20,SRP286377
SRR12773168,AMPLICON,486,33945642,PRJNA667299,SAMN16365075,Metagenome or environmental,16480682,CHINESE ACADEMY OF SCIENCES,2018-08-23,public,"run.zq,fastq,sra","gs,s3,ncbi","s3.us-east-1,ncbi.public,gs.US",SRX9243645,China,Asia,China: Huishui,pepper,Illumina HiSeq 2500,HSRHS_H1,rhizosphere soil,not applicable,19,PAIRED,PCR,OTHER,plant metagenome,ILLUMINA,2020-11-05T00:00:00Z,biological replicate 1,2020-10-05T11:07:00Z,1,F_Sample_19,SRP286377
SRR12773169,AMPLICON,486,53387100,PRJNA667299,SAMN16365074,Metagenome or environmental,25742304,CHINESE ACADEMY OF SCIENCES,2018-08-23,public,"run.zq,fastq,sra","gs,s3,ncbi","ncbi.public,gs.US,s3.us-east-1",SRX9243644,China,Asia,China: Guiyang,pepper,Illumina HiSeq 2500,GYRHS_D3,rhizosphere soil,not applicable,18,PAIRED,PCR,OTHER,plant metagenome,ILLUMINA,2020-11-05T00:00:00Z,biological replicate 3,2020-10-05T11:08:00Z,1,F_Sample_18,SRP286377
SRR12773170,AMPLICON,486,38586942,PRJNA667299,SAMN16365073,Metagenome or environmental,18612852,CHINESE ACADEMY OF SCIENCES,2018-08-23,public,"fastq,run.zq,sra","gs,s3,ncbi","gs.US,s3.us-east-1,ncbi.public",SRX9243643,China,Asia,China: Guiyang,pepper,Illumina HiSeq 2500,GYRHS_D2,rhizosphere soil,not applicable,17,PAIRED,PCR,OTHER,plant metagenome,ILLUMINA,2020-11-05T00:00:00Z,biological replicate 2,2020-10-05T11:08:00Z,1,F_Sample_17,SRP286377
SRR12773171,AMPLICON,486,38543688,PRJNA667299,SAMN16365072,Metagenome or environmental,18965795,CHINESE ACADEMY OF SCIENCES,2018-08-23,public,"run.zq,sra,fastq","ncbi,s3,gs","ncbi.public,gs.US,s3.us-east-1",SRX9243642,China,Asia,China: Guiyang,pepper,Illumina HiSeq 2500,GYRHS_D1,rhizosphere soil,not applicable,16,PAIRED,PCR,OTHER,plant metagenome,ILLUMINA,2020-11-05T00:00:00Z,biological replicate 1,2020-10-05T11:08:00Z,1,F_Sample_16,SRP286377
SRR12773172,AMPLICON,485,56720530,PRJNA667299,SAMN16365200,Metagenome or environmental,27456748,CHINESE ACADEMY OF SCIENCES,2018-08-23,public,"fastq,sra,run.zq","gs,s3,ncbi","gs.US,s3.us-east-1,ncbi.public",SRX9243641,China,Asia,China: Huishui,pepper,Illumina HiSeq 2500,HSSUxylem_D3,Stem upper xylem,not applicable,144,PAIRED,PCR,OTHER,plant metagenome,ILLUMINA,2020-11-05T00:00:00Z,biological replicate 3,2020-10-05T11:08:00Z,1,F_Sample_144,SRP286377
SRR12773173,AMPLICON,485,65225530,PRJNA667299,SAMN16365199,Metagenome or environmental,30861795,CHINESE ACADEMY OF SCIENCES,2018-08-23,public,"sra,run.zq,fastq","gs,s3,ncbi","s3.us-east-1,ncbi.public,gs.US",SRX9243640,China,Asia,China: Huishui,pepper,Illumina HiSeq 2500,HSSUxylem_D2,Stem upper xylem,not applicable,143,PAIRED,PCR,OTHER,plant metagenome,ILLUMINA,2020-11-05T00:00:00Z,biological replicate 2,2020-10-05T11:08:00Z,1,F_Sample_143,SRP286377
SRR12773174,AMPLICON,485,72772465,PRJNA667299,SAMN16365198,Metagenome or environmental,35064698,CHINESE ACADEMY OF SCIENCES,2018-08-23,public,"sra,run.zq,fastq","gs,ncbi,s3","gs.US,ncbi.public,s3.us-east-1",SRX9243639,China,Asia,China: Huishui,pepper,Illumina HiSeq 2500,HSSUxylem_D1,Stem upper xylem,not applicable,142,PAIRED,PCR,OTHER,plant metagenome,ILLUMINA,2020-11-05T00:00:00Z,biological replicate 1,2020-10-05T11:08:00Z,1,F_Sample_142,SRP286377
SRR12773175,AMPLICON,485,83668432,PRJNA667299,SAMN16365197,Metagenome or environmental,39761672,CHINESE ACADEMY OF SCIENCES,2018-08-23,public,"run.zq,sra,fastq","s3,gs,ncbi","ncbi.public,s3.us-east-1,gs.US",SRX9243638,China,Asia,China: Huishui,pepper,Illumina HiSeq 2500,HSSMxylem_D3,Stem middle xylem,not applicable,141,PAIRED,PCR,OTHER,plant metagenome,ILLUMINA,2020-11-05T00:00:00Z,biological replicate 3,2020-10-05T11:08:00Z,1,F_Sample_141,SRP286377
SRR12773176,AMPLICON,486,50304888,PRJNA667299,SAMN16365071,Metagenome or environmental,24256155,CHINESE ACADEMY OF SCIENCES,2018-08-23,public,"fastq,run.zq,sra","gs,s3,ncbi","gs.US,ncbi.public,s3.us-east-1",SRX9243637,China,Asia,China: Guiyang,pepper,Illumina HiSeq 2500,GYRHS_H3,rhizosphere soil,not applicable,15,PAIRED,PCR,OTHER,plant metagenome,ILLUMINA,2020-11-05T00:00:00Z,biological replicate 3,2020-10-05T11:08:00Z,1,F_Sample_15,SRP286377
SRR12773177,AMPLICON,486,65779336,PRJNA667299,SAMN16365196,Metagenome or environmental,39237650,CHINESE ACADEMY OF SCIENCES,2018-08-23,public,"sra,fastq,run.zq","gs,s3,ncbi","gs.US,s3.us-east-1,ncbi.public",SRX9243636,China,Asia,China: Huishui,pepper,Illumina HiSeq 2500,HSSMxylem_D2,Stem middle xylem,not applicable,140,PAIRED,PCR,OTHER,plant metagenome,ILLUMINA,2020-11-05T00:00:00Z,biological replicate 2,2020-10-05T11:08:00Z,1,F_Sample_140,SRP286377
SRR12773178,AMPLICON,485,56572762,PRJNA667299,SAMN16365195,Metagenome or environmental,27281416,CHINESE ACADEMY OF SCIENCES,2018-08-23,public,"run.zq,fastq,sra","gs,ncbi,s3","ncbi.public,s3.us-east-1,gs.US",SRX9243635,China,Asia,China: Huishui,pepper,Illumina HiSeq 2500,HSSMxylem_D1,Stem middle xylem,not applicable,139,PAIRED,PCR,OTHER,plant metagenome,ILLUMINA,2020-11-05T00:00:00Z,biological replicate 1,2020-10-05T11:08:00Z,1,F_Sample_139,SRP286377
SRR12773179,AMPLICON,485,139029282,PRJNA667299,SAMN16365194,Metagenome or environmental,67881991,CHINESE ACADEMY OF SCIENCES,2018-08-23,public,"fastq,run.zq,sra","ncbi,gs,s3","s3.us-east-1,gs.US,ncbi.public",SRX9243634,China,Asia,China: Huishui,pepper,Illumina HiSeq 2500,HSSBxylem_D3,Stem bottom xylem,not applicable,138,PAIRED,PCR,OTHER,plant metagenome,ILLUMINA,2020-11-05T00:00:00Z,biological replicate 3,2020-10-05T11:08:00Z,1,F_Sample_138,SRP286377
SRR12773180,AMPLICON,485,77765205,PRJNA667299,SAMN16365193,Metagenome or environmental,37573278,CHINESE ACADEMY OF SCIENCES,2018-08-23,public,"fastq,run.zq,sra","s3,ncbi,gs","gs.US,s3.us-east-1,ncbi.public",SRX9243633,China,Asia,China: Huishui,pepper,Illumina HiSeq 2500,HSSBxylem_D2,Stem bottom xylem,not applicable,137,PAIRED,PCR,OTHER,plant metagenome,ILLUMINA,2020-11-05T00:00:00Z,biological replicate 2,2020-10-05T11:08:00Z,1,F_Sample_137,SRP286377
SRR12773181,AMPLICON,485,62884347,PRJNA667299,SAMN16365192,Metagenome or environmental,30492319,CHINESE ACADEMY OF SCIENCES,2018-08-23,public,"sra,fastq,run.zq","ncbi,s3,gs","ncbi.public,gs.US,s3.us-east-1",SRX9243632,China,Asia,China: Huishui,pepper,Illumina HiSeq 2500,HSSBxylem_D1,Stem bottom xylem,not applicable,136,PAIRED,PCR,OTHER,plant metagenome,ILLUMINA,2020-11-05T00:00:00Z,biological replicate 1,2020-10-05T11:08:00Z,1,F_Sample_136,SRP286377
SRR12773182,AMPLICON,485,71394718,PRJNA667299,SAMN16365191,Metagenome or environmental,34354223,CHINESE ACADEMY OF SCIENCES,2018-08-23,public,"sra,run.zq,fastq","s3,ncbi,gs","gs.US,ncbi.public,s3.us-east-1",SRX9243631,China,Asia,China: Huishui,pepper,Illumina HiSeq 2500,HSSUxylem_H3,Stem upper xylem,not applicable,135,PAIRED,PCR,OTHER,plant metagenome,ILLUMINA,2020-11-05T00:00:00Z,biological replicate 3,2020-10-05T11:08:00Z,1,F_Sample_135,SRP286377
SRR12773183,AMPLICON,485,62768643,PRJNA667299,SAMN16365190,Metagenome or environmental,30196695,CHINESE ACADEMY OF SCIENCES,2018-08-23,public,"fastq,run.zq,sra","gs,ncbi,s3","gs.US,ncbi.public,s3.us-east-1",SRX9243630,China,Asia,China: Huishui,pepper,Illumina HiSeq 2500,HSSUxylem_H2,Stem upper xylem,not applicable,134,PAIRED,PCR,OTHER,plant metagenome,ILLUMINA,2020-11-05T00:00:00Z,biological replicate 2,2020-10-05T11:08:00Z,1,F_Sample_134,SRP286377
SRR12773184,AMPLICON,485,67380236,PRJNA667299,SAMN16365189,Metagenome or environmental,32484054,CHINESE ACADEMY OF SCIENCES,2018-08-23,public,"run.zq,sra,fastq","ncbi,gs,s3","s3.us-east-1,ncbi.public,gs.US",SRX9243629,China,Asia,China: Huishui,pepper,Illumina HiSeq 2500,HSSUxylem_H1,Stem upper xylem,not applicable,133,PAIRED,PCR,OTHER,plant metagenome,ILLUMINA,2020-11-05T00:00:00Z,biological replicate 1,2020-10-05T11:08:00Z,1,F_Sample_133,SRP286377
SRR12773185,AMPLICON,485,62814021,PRJNA667299,SAMN16365188,Metagenome or environmental,30322814,CHINESE ACADEMY OF SCIENCES,2018-08-23,public,"sra,run.zq,fastq","gs,s3,ncbi","s3.us-east-1,ncbi.public,gs.US",SRX9243628,China,Asia,China: Huishui,pepper,Illumina HiSeq 2500,HSSMxylem_H3,Stem middle xylem,not applicable,132,PAIRED,PCR,OTHER,plant metagenome,ILLUMINA,2020-11-05T00:00:00Z,biological replicate 3,2020-10-05T11:08:00Z,1,F_Sample_132,SRP286377
SRR12773186,AMPLICON,485,65875739,PRJNA667299,SAMN16365187,Metagenome or environmental,31654725,CHINESE ACADEMY OF SCIENCES,2018-08-23,public,"sra,run.zq,fastq","ncbi,gs,s3","s3.us-east-1,gs.US,ncbi.public",SRX9243627,China,Asia,China: Huishui,pepper,Illumina HiSeq 2500,HSSMxylem_H2,Stem middle xylem,not applicable,131,PAIRED,PCR,OTHER,plant metagenome,ILLUMINA,2020-11-05T00:00:00Z,biological replicate 2,2020-10-05T11:08:00Z,1,F_Sample_131,SRP286377
SRR12773187,AMPLICON,486,53213112,PRJNA667299,SAMN16365070,Metagenome or environmental,25319881,CHINESE ACADEMY OF SCIENCES,2018-08-23,public,"run.zq,fastq,sra","gs,s3,ncbi","gs.US,ncbi.public,s3.us-east-1",SRX9243626,China,Asia,China: Guiyang,pepper,Illumina HiSeq 2500,GYRHS_H2,rhizosphere soil,not applicable,14,PAIRED,PCR,OTHER,plant metagenome,ILLUMINA,2020-11-05T00:00:00Z,biological replicate 2,2020-10-05T11:08:00Z,1,F_Sample_14,SRP286377
SRR12773188,AMPLICON,485,66970940,PRJNA667299,SAMN16365186,Metagenome or environmental,32524951,CHINESE ACADEMY OF SCIENCES,2018-08-23,public,"sra,fastq,run.zq","s3,ncbi,gs","gs.US,ncbi.public,s3.us-east-1",SRX9243625,China,Asia,China: Huishui,pepper,Illumina HiSeq 2500,HSSMxylem_H1,Stem middle xylem,not applicable,130,PAIRED,PCR,OTHER,plant metagenome,ILLUMINA,2020-11-05T00:00:00Z,biological replicate 1,2020-10-05T11:08:00Z,1,F_Sample_130,SRP286377
SRR12773189,AMPLICON,485,108178115,PRJNA667299,SAMN16365185,Metagenome or environmental,51867910,CHINESE ACADEMY OF SCIENCES,2018-08-23,public,"sra,run.zq,fastq","s3,ncbi,gs","s3.us-east-1,ncbi.public,gs.US",SRX9243624,China,Asia,China: Huishui,pepper,Illumina HiSeq 2500,HSSBxylem_H3,Stem bottom xylem,not applicable,129,PAIRED,PCR,OTHER,plant metagenome,ILLUMINA,2020-11-05T00:00:00Z,biological replicate 3,2020-10-05T11:08:00Z,1,F_Sample_129,SRP286377
SRR12773190,AMPLICON,485,71479815,PRJNA667299,SAMN16365184,Metagenome or environmental,34189348,CHINESE ACADEMY OF SCIENCES,2018-08-23,public,"run.zq,fastq,sra","ncbi,s3,gs","ncbi.public,gs.US,s3.us-east-1",SRX9243623,China,Asia,China: Huishui,pepper,Illumina HiSeq 2500,HSSBxylem_H2,Stem bottom xylem,not applicable,128,PAIRED,PCR,OTHER,plant metagenome,ILLUMINA,2020-11-05T00:00:00Z,biological replicate 2,2020-10-05T11:08:00Z,1,F_Sample_128,SRP286377
SRR12773191,AMPLICON,485,78134630,PRJNA667299,SAMN16365183,Metagenome or environmental,37800555,CHINESE ACADEMY OF SCIENCES,2018-08-23,public,"fastq,sra,run.zq","s3,gs,ncbi","s3.us-east-1,ncbi.public,gs.US",SRX9243622,China,Asia,China: Huishui,pepper,Illumina HiSeq 2500,HSSBxylem_H1,Stem bottom xylem,not applicable,127,PAIRED,PCR,OTHER,plant metagenome,ILLUMINA,2020-11-05T00:00:00Z,biological replicate 1,2020-10-05T11:08:00Z,1,F_Sample_127,SRP286377
SRR12773192,AMPLICON,485,59160617,PRJNA667299,SAMN16365182,Metagenome or environmental,27626535,CHINESE ACADEMY OF SCIENCES,2018-08-23,public,"run.zq,sra,fastq","ncbi,gs,s3","ncbi.public,gs.US,s3.us-east-1",SRX9243621,China,Asia,China: Guiyang,pepper,Illumina HiSeq 2500,GYSUxylem_D3,Stem upper xylem,not applicable,126,PAIRED,PCR,OTHER,plant metagenome,ILLUMINA,2020-11-05T00:00:00Z,biological replicate 3,2020-10-05T11:08:00Z,1,F_Sample_126,SRP286377
SRR12773193,AMPLICON,485,53895409,PRJNA667299,SAMN16365181,Metagenome or environmental,24867827,CHINESE ACADEMY OF SCIENCES,2018-08-23,public,"run.zq,fastq,sra","gs,s3,ncbi","s3.us-east-1,ncbi.public,gs.US",SRX9243620,China,Asia,China: Guiyang,pepper,Illumina HiSeq 2500,GYSUxylem_D2,Stem upper xylem,not applicable,125,PAIRED,PCR,OTHER,plant metagenome,ILLUMINA,2020-11-05T00:00:00Z,biological replicate 2,2020-10-05T11:08:00Z,1,F_Sample_125,SRP286377
SRR12773194,AMPLICON,485,54878428,PRJNA667299,SAMN16365180,Metagenome or environmental,25396865,CHINESE ACADEMY OF SCIENCES,2018-08-23,public,"sra,fastq,run.zq","gs,s3,ncbi","gs.US,s3.us-east-1,ncbi.public",SRX9243619,China,Asia,China: Guiyang,pepper,Illumina HiSeq 2500,GYSUxylem_D1,Stem upper xylem,not applicable,124,PAIRED,PCR,OTHER,plant metagenome,ILLUMINA,2020-11-05T00:00:00Z,biological replicate 1,2020-10-05T11:08:00Z,1,F_Sample_124,SRP286377
SRR12773195,AMPLICON,485,63101484,PRJNA667299,SAMN16365179,Metagenome or environmental,29702497,CHINESE ACADEMY OF SCIENCES,2018-08-23,public,"fastq,run.zq,sra","gs,ncbi,s3","gs.US,ncbi.public,s3.us-east-1",SRX9243618,China,Asia,China: Guiyang,pepper,Illumina HiSeq 2500,GYSMxylem_D3,Stem middle xylem,not applicable,123,PAIRED,PCR,OTHER,plant metagenome,ILLUMINA,2020-11-05T00:00:00Z,biological replicate 3,2020-10-05T11:08:00Z,1,F_Sample_123,SRP286377
SRR12773196,AMPLICON,485,66003953,PRJNA667299,SAMN16365178,Metagenome or environmental,31093652,CHINESE ACADEMY OF SCIENCES,2018-08-23,public,"run.zq,fastq,sra","s3,gs,ncbi","s3.us-east-1,ncbi.public,gs.US",SRX9243617,China,Asia,China: Guiyang,pepper,Illumina HiSeq 2500,GYSMxylem_D2,Stem middle xylem,not applicable,122,PAIRED,PCR,OTHER,plant metagenome,ILLUMINA,2020-11-05T00:00:00Z,biological replicate 2,2020-10-05T11:08:00Z,1,F_Sample_122,SRP286377
SRR12773197,AMPLICON,485,85200573,PRJNA667299,SAMN16365177,Metagenome or environmental,40042142,CHINESE ACADEMY OF SCIENCES,2018-08-23,public,"run.zq,sra,fastq","s3,ncbi,gs","s3.us-east-1,gs.US,ncbi.public",SRX9243616,China,Asia,China: Guiyang,pepper,Illumina HiSeq 2500,GYSMxylem_D1,Stem middle xylem,not applicable,121,PAIRED,PCR,OTHER,plant metagenome,ILLUMINA,2020-11-05T00:00:00Z,biological replicate 1,2020-10-05T11:08:00Z,1,F_Sample_121,SRP286377
SRR12773198,AMPLICON,486,26260524,PRJNA667299,SAMN16365069,Metagenome or environmental,12747358,CHINESE ACADEMY OF SCIENCES,2018-08-23,public,"fastq,run.zq,sra","ncbi,s3,gs","s3.us-east-1,gs.US,ncbi.public",SRX9243615,China,Asia,China: Guiyang,pepper,Illumina HiSeq 2500,GYRHS_H1,rhizosphere soil,not applicable,13,PAIRED,PCR,OTHER,plant metagenome,ILLUMINA,2020-11-05T00:00:00Z,biological replicate 1,2020-10-05T11:08:00Z,1,F_Sample_13,SRP286377
SRR12773199,AMPLICON,485,172687718,PRJNA667299,SAMN16365176,Metagenome or environmental,80901003,CHINESE ACADEMY OF SCIENCES,2018-08-23,public,"sra,fastq,run.zq","ncbi,s3,gs","s3.us-east-1,ncbi.public,gs.US",SRX9243614,China,Asia,China: Guiyang,pepper,Illumina HiSeq 2500,GYSBxylem_D3,Stem bottom xylem,not applicable,120,PAIRED,PCR,OTHER,plant metagenome,ILLUMINA,2020-11-05T00:00:00Z,biological replicate 3,2020-10-05T11:08:00Z,1,F_Sample_120,SRP286377
SRR12773200,AMPLICON,485,61904200,PRJNA667299,SAMN16365175,Metagenome or environmental,28850125,CHINESE ACADEMY OF SCIENCES,2018-08-23,public,"sra,fastq,run.zq","s3,ncbi,gs","s3.us-east-1,ncbi.public,gs.US",SRX9243613,China,Asia,China: Guiyang,pepper,Illumina HiSeq 2500,GYSBxylem_D2,Stem bottom xylem,not applicable,119,PAIRED,PCR,OTHER,plant metagenome,ILLUMINA,2020-11-05T00:00:00Z,biological replicate 2,2020-10-05T11:08:00Z,1,F_Sample_119,SRP286377
SRR12773201,AMPLICON,485,98426080,PRJNA667299,SAMN16365174,Metagenome or environmental,47491549,CHINESE ACADEMY OF SCIENCES,2018-08-23,public,"fastq,run.zq,sra","ncbi,gs,s3","s3.us-east-1,gs.US,ncbi.public",SRX9243612,China,Asia,China: Guiyang,pepper,Illumina HiSeq 2500,GYSBxylem_D1,Stem bottom xylem,not applicable,118,PAIRED,PCR,OTHER,plant metagenome,ILLUMINA,2020-11-05T00:00:00Z,biological replicate 1,2020-10-05T11:08:00Z,1,F_Sample_118,SRP286377
SRR12773202,AMPLICON,485,59060130,PRJNA667299,SAMN16365173,Metagenome or environmental,27762596,CHINESE ACADEMY OF SCIENCES,2018-08-23,public,"run.zq,sra,fastq","ncbi,gs,s3","s3.us-east-1,gs.US,ncbi.public",SRX9243611,China,Asia,China: Guiyang,pepper,Illumina HiSeq 2500,GYSUxylem_H3,Stem upper xylem,not applicable,117,PAIRED,PCR,OTHER,plant metagenome,ILLUMINA,2020-11-05T00:00:00Z,biological replicate 3,2020-10-05T11:08:00Z,1,F_Sample_117,SRP286377
SRR12773203,AMPLICON,485,59909108,PRJNA667299,SAMN16365172,Metagenome or environmental,27688712,CHINESE ACADEMY OF SCIENCES,2018-08-23,public,"run.zq,fastq,sra","s3,gs,ncbi","s3.us-east-1,ncbi.public,gs.US",SRX9243610,China,Asia,China: Guiyang,pepper,Illumina HiSeq 2500,GYSUxylem_H2,Stem upper xylem,not applicable,116,PAIRED,PCR,OTHER,plant metagenome,ILLUMINA,2020-11-05T00:00:00Z,biological replicate 2,2020-10-05T11:08:00Z,1,F_Sample_116,SRP286377
SRR12773204,AMPLICON,485,79585288,PRJNA667299,SAMN16365171,Metagenome or environmental,36869617,CHINESE ACADEMY OF SCIENCES,2018-08-23,public,"fastq,sra,run.zq","s3,ncbi,gs","gs.US,ncbi.public,s3.us-east-1",SRX9243609,China,Asia,China: Guiyang,pepper,Illumina HiSeq 2500,GYSUxylem_H1,Stem upper xylem,not applicable,115,PAIRED,PCR,OTHER,plant metagenome,ILLUMINA,2020-11-05T00:00:00Z,biological replicate 1,2020-10-05T11:08:00Z,1,F_Sample_115,SRP286377
SRR12773205,AMPLICON,485,27024006,PRJNA667299,SAMN16365170,Metagenome or environmental,12727848,CHINESE ACADEMY OF SCIENCES,2018-08-23,public,"fastq,run.zq,sra","s3,ncbi,gs","s3.us-east-1,gs.US,ncbi.public",SRX9243608,China,Asia,China: Guiyang,pepper,Illumina HiSeq 2500,GYSMxylem_H3,Stem middle xylem,not applicable,114,PAIRED,PCR,OTHER,plant metagenome,ILLUMINA,2020-11-05T00:00:00Z,biological replicate 3,2020-10-05T11:08:00Z,1,F_Sample_114,SRP286377
SRR12773206,AMPLICON,485,26161359,PRJNA667299,SAMN16365169,Metagenome or environmental,12178715,CHINESE ACADEMY OF SCIENCES,2018-08-23,public,"run.zq,sra,fastq","gs,ncbi,s3","gs.US,s3.us-east-1,ncbi.public",SRX9243607,China,Asia,China: Guiyang,pepper,Illumina HiSeq 2500,GYSMxylem_H2,Stem middle xylem,not applicable,113,PAIRED,PCR,OTHER,plant metagenome,ILLUMINA,2020-11-05T00:00:00Z,biological replicate 2,2020-10-05T11:08:00Z,1,F_Sample_113,SRP286377
SRR12773207,AMPLICON,485,27012296,PRJNA667299,SAMN16365168,Metagenome or environmental,12603076,CHINESE ACADEMY OF SCIENCES,2018-08-23,public,"fastq,sra,run.zq","ncbi,gs,s3","ncbi.public,s3.us-east-1,gs.US",SRX9243606,China,Asia,China: Guiyang,pepper,Illumina HiSeq 2500,GYSMxylem_H1,Stem middle xylem,not applicable,112,PAIRED,PCR,OTHER,plant metagenome,ILLUMINA,2020-11-05T00:00:00Z,biological replicate 1,2020-10-05T11:08:00Z,1,F_Sample_112,SRP286377
SRR12773208,AMPLICON,485,32047290,PRJNA667299,SAMN16365167,Metagenome or environmental,15249994,CHINESE ACADEMY OF SCIENCES,2018-08-23,public,"fastq,sra,run.zq","ncbi,s3,gs","ncbi.public,s3.us-east-1,gs.US",SRX9243605,China,Asia,China: Guiyang,pepper,Illumina HiSeq 2500,GYSBxylem_H3,Stem bottom xylem,not applicable,111,PAIRED,PCR,OTHER,plant metagenome,ILLUMINA,2020-11-05T00:00:00Z,biological replicate 3,2020-10-05T11:08:00Z,1,F_Sample_111,SRP286377
SRR12773209,AMPLICON,486,53150904,PRJNA667299,SAMN16365068,Metagenome or environmental,25546502,CHINESE ACADEMY OF SCIENCES,2018-08-23,public,"sra,run.zq,fastq","s3,ncbi,gs","s3.us-east-1,gs.US,ncbi.public",SRX9243604,China,Asia,China: Huishui,pepper,Illumina HiSeq 2500,HSBS_D3,bulk soil,not applicable,12,PAIRED,PCR,OTHER,plant metagenome,ILLUMINA,2020-11-05T00:00:00Z,biological replicate 3,2020-10-05T11:08:00Z,1,F_Sample_12,SRP286377
SRR12773210,AMPLICON,485,37438488,PRJNA667299,SAMN16365166,Metagenome or environmental,17950869,CHINESE ACADEMY OF SCIENCES,2018-08-23,public,"run.zq,fastq,sra","gs,s3,ncbi","s3.us-east-1,ncbi.public,gs.US",SRX9243603,China,Asia,China: Guiyang,pepper,Illumina HiSeq 2500,GYSBxylem_H2,Stem bottom xylem,not applicable,110,PAIRED,PCR,OTHER,plant metagenome,ILLUMINA,2020-11-05T00:00:00Z,biological replicate 2,2020-10-05T11:08:00Z,1,F_Sample_110,SRP286377
SRR12773211,AMPLICON,485,36620556,PRJNA667299,SAMN16365165,Metagenome or environmental,17111972,CHINESE ACADEMY OF SCIENCES,2018-08-23,public,"run.zq,fastq,sra","s3,ncbi,gs","gs.US,ncbi.public,s3.us-east-1",SRX9243602,China,Asia,China: Guiyang,pepper,Illumina HiSeq 2500,GYSBxylem_H1,Stem bottom xylem,not applicable,109,PAIRED,PCR,OTHER,plant metagenome,ILLUMINA,2020-11-05T00:00:00Z,biological replicate 1,2020-10-05T11:08:00Z,1,F_Sample_109,SRP286377
SRR12773212,AMPLICON,485,75280842,PRJNA667299,SAMN16365164,Metagenome or environmental,36389049,CHINESE ACADEMY OF SCIENCES,2018-08-23,public,"sra,fastq,run.zq","gs,s3,ncbi","ncbi.public,gs.US,s3.us-east-1",SRX9243601,China,Asia,China: Huishui,pepper,Illumina HiSeq 2500,HSSUepidermis_D3,Stem upper epidermis,not applicable,108,PAIRED,PCR,OTHER,plant metagenome,ILLUMINA,2020-11-05T00:00:00Z,biological replicate 3,2020-10-05T11:08:00Z,1,F_Sample_108,SRP286377
SRR12773213,AMPLICON,485,47599437,PRJNA667299,SAMN16365163,Metagenome or environmental,22880041,CHINESE ACADEMY OF SCIENCES,2018-08-23,public,"sra,run.zq,fastq","ncbi,gs,s3","ncbi.public,s3.us-east-1,gs.US",SRX9243600,China,Asia,China: Huishui,pepper,Illumina HiSeq 2500,HSSUepidermis_D2,Stem upper epidermis,not applicable,107,PAIRED,PCR,OTHER,plant metagenome,ILLUMINA,2020-11-05T00:00:00Z,biological replicate 2,2020-10-05T11:08:00Z,1,F_Sample_107,SRP286377
SRR12773214,AMPLICON,485,29460771,PRJNA667299,SAMN16365162,Metagenome or environmental,14352078,CHINESE ACADEMY OF SCIENCES,2018-08-23,public,"run.zq,fastq,sra","gs,s3,ncbi","ncbi.public,gs.US,s3.us-east-1",SRX9243599,China,Asia,China: Huishui,pepper,Illumina HiSeq 2500,HSSUepidermis_D1,Stem upper epidermis,not applicable,106,PAIRED,PCR,OTHER,plant metagenome,ILLUMINA,2020-11-05T00:00:00Z,biological replicate 1,2020-10-05T11:08:00Z,1,F_Sample_106,SRP286377
SRR12773215,AMPLICON,485,76567535,PRJNA667299,SAMN16365161,Metagenome or environmental,37576383,CHINESE ACADEMY OF SCIENCES,2018-08-23,public,"sra,run.zq,fastq","s3,gs,ncbi","gs.US,s3.us-east-1,ncbi.public",SRX9243598,China,Asia,China: Huishui,pepper,Illumina HiSeq 2500,HSSMepidermis_D3,Stem middle epidermis,not applicable,105,PAIRED,PCR,OTHER,plant metagenome,ILLUMINA,2020-11-05T00:00:00Z,biological replicate 3,2020-10-05T11:08:00Z,1,F_Sample_105,SRP286377
SRR12773216,AMPLICON,485,72670521,PRJNA667299,SAMN16365160,Metagenome or environmental,32898585,CHINESE ACADEMY OF SCIENCES,2018-08-23,public,"run.zq,sra,fastq","s3,ncbi,gs","s3.us-east-1,gs.US,ncbi.public",SRX9243597,China,Asia,China: Huishui,pepper,Illumina HiSeq 2500,HSSMepidermis_D2,Stem middle epidermis,not applicable,104,PAIRED,PCR,OTHER,plant metagenome,ILLUMINA,2020-11-05T00:00:00Z,biological replicate 2,2020-10-05T11:08:00Z,1,F_Sample_104,SRP286377
SRR12773217,AMPLICON,485,73123925,PRJNA667299,SAMN16365159,Metagenome or environmental,35638897,CHINESE ACADEMY OF SCIENCES,2018-08-23,public,"sra,run.zq,fastq","gs,ncbi,s3","gs.US,s3.us-east-1,ncbi.public",SRX9243596,China,Asia,China: Huishui,pepper,Illumina HiSeq 2500,HSSMepidermis_D1,Stem middle epidermis,not applicable,103,PAIRED,PCR,OTHER,plant metagenome,ILLUMINA,2020-11-05T00:00:00Z,biological replicate 1,2020-10-05T11:08:00Z,1,F_Sample_103,SRP286377
SRR12773218,AMPLICON,485,72981596,PRJNA667299,SAMN16365158,Metagenome or environmental,36364454,CHINESE ACADEMY OF SCIENCES,2018-08-23,public,"fastq,run.zq,sra","ncbi,gs,s3","ncbi.public,s3.us-east-1,gs.US",SRX9243595,China,Asia,China: Huishui,pepper,Illumina HiSeq 2500,HSSBepidermis_D3,Stem bottom epidermis,not applicable,102,PAIRED,PCR,OTHER,plant metagenome,ILLUMINA,2020-11-05T00:00:00Z,biological replicate 3,2020-10-05T11:08:00Z,1,F_Sample_102,SRP286377
SRR12773219,AMPLICON,485,97467168,PRJNA667299,SAMN16365157,Metagenome or environmental,48450366,CHINESE ACADEMY OF SCIENCES,2018-08-23,public,"fastq,run.zq,sra","gs,ncbi,s3","ncbi.public,gs.US,s3.us-east-1",SRX9243594,China,Asia,China: Huishui,pepper,Illumina HiSeq 2500,HSSBepidermis_D2,Stem bottom epidermis,not applicable,101,PAIRED,PCR,OTHER,plant metagenome,ILLUMINA,2020-11-05T00:00:00Z,biological replicate 2,2020-10-05T11:08:00Z,1,F_Sample_101,SRP286377
SRR12773220,AMPLICON,486,51307992,PRJNA667299,SAMN16365067,Metagenome or environmental,25163823,CHINESE ACADEMY OF SCIENCES,2018-08-23,public,"run.zq,fastq,sra","gs,ncbi,s3","ncbi.public,gs.US,s3.us-east-1",SRX9243593,China,Asia,China: Huishui,pepper,Illumina HiSeq 2500,HSBS_D2,bulk soil,not applicable,11,PAIRED,PCR,OTHER,plant metagenome,ILLUMINA,2020-11-05T00:00:00Z,biological replicate 2,2020-10-05T11:08:00Z,1,F_Sample_11,SRP286377
SRR12773221,AMPLICON,486,33079590,PRJNA667299,SAMN16365058,Metagenome or environmental,15866251,CHINESE ACADEMY OF SCIENCES,2018-08-23,public,"sra,run.zq,fastq","s3,ncbi,gs","gs.US,s3.us-east-1,ncbi.public",SRX9243592,China,Asia,China: Guiyang,pepper,Illumina HiSeq 2500,GYBS_H2,bulk soil,not applicable,2,PAIRED,PCR,OTHER,plant metagenome,ILLUMINA,2020-11-05T00:00:00Z,biological replicate 2,2020-10-05T11:08:00Z,1,F_Sample_2,SRP286377
SRR12773222,AMPLICON,486,29093904,PRJNA667299,SAMN16365057,Metagenome or environmental,14121147,CHINESE ACADEMY OF SCIENCES,2018-08-23,public,"run.zq,fastq,sra","ncbi,gs,s3","gs.US,s3.us-east-1,ncbi.public",SRX9243591,China,Asia,China: Guiyang,pepper,Illumina HiSeq 2500,GYBS_H1,bulk soil,not applicable,1,PAIRED,PCR,OTHER,plant metagenome,ILLUMINA,2020-11-05T00:00:00Z,biological replicate 1,2020-10-05T11:08:00Z,1,F_Sample_1,SRP286377
